{
    "study_name": "my_cv_optimization_cadmus_02_02_26_EL",
    "best_trial_number": 71,
    "best_params": {
        "dropout_rate": 0.32130427455222516,
        "num_heads": 8,
        "batch_size": 32,
        "lr": 1.7015694535894799e-06,
        "weight_decay": 3.2070990402962973e-06,
        "patience": 11
    },
    "best_metrics_mean": {
        "mean_ACC": 0.8595169082125602,
        "mean_AUROC": 0.9265456557107388,
        "mean_F1": 0.861654493458834,
        "mean_MCC": 0.7207896228530665,
        "mean_PR_AUC": 0.9125575253331238,
        "mean_Sn": 0.8831471241874682,
        "mean_Sp": 0.8362660959987057
    },
    "best_metrics_std": {
        "std_ACC": 0.013915727062715995,
        "std_AUROC": 0.008436805274571576,
        "std_F1": 0.014802810574037869,
        "std_MCC": 0.02867798989360364,
        "std_PR_AUC": 0.012351688655203566,
        "std_Sn": 0.03072964494299814,
        "std_Sp": 0.022576355043572104
    },
    "total_trials": 100
}